Workbook

Sheet orignal_tickets
A1: ticket_id | B1: month | C1: team_id | D1: channel | E1: resolution_hours | F1: satisfaction
A2: 1 | B2: Jan | C2: T1 | D2: Email | E2: 12 | F2: 4
A3: 2 | B3: Jan | C3: T2 | D3: Chat | E3: 28 | F3: 3
A4: 3 | B4: Jan | C4: T3 | D4: Phone | E4: 36 | F4: 2
A5: 4 | B5: Jan | C5: T4 | D5: Email | E5: 20 | F5: 4
A6: 5 | B6: Feb | C6: T1 | D6: Chat | E6: 8 | F6: 5
A7: 6 | B7: Feb | C7: T2 | D7: Phone | E7: 30 | F7: 3
A8: 7 | B8: Feb | C8: T3 | D8: Email | E8: 18 | F8: 4
A9: 8 | B9: Feb | C9: T4 | D9: Chat | E9: 40 | F9: 2
A10: 9 | B10: Mar | C10: T1 | D10: Phone | E10: 16 | F10: 4
A11: 10 | B11: Mar | C11: T2 | D11: Email | E11: 22 | F11: 4
A12: 11 | B12: Mar | C12: T3 | D12: Chat | E12: 32 | F12: 3
A13: 12 | B13: Mar | C13: T4 | D13: Phone | E13: 24 | F13: 5
A14: 12 | B14: Mar | C14: T4 | D14: Phone | E14: 24 | F14: 5

Sheet Pivot&chart
A3: Average of resolution_hours | B3: Column Labels
A4: Row Labels | B4: Jan | C4: Feb | D4: Mar | E4: Grand Total
A5: Service | B5: 20 | C5: 19 | D5: 19 | E5: 19.333333
A6: Technical | B6: 28 | C6: 29 | D6: 28 | E6: 28.333333
A7: Grand Total | B7: 24 | C7: 24 | D7: 23.5 | E7: 23.833333

Sheet task
A1: ticket_id | B1: month | C1: team_id | D1: channel | E1: resolution_hours | F1: satisfaction | G1: department | H1: breach_flag | I1: Labelled | K1: E1: Data clean karne ke liye data me se remove duplicate ka use kiya
A2: 1 | B2: Jan | C2: T1 | D2: Email | E2: 12 | F2: 4 | G2: =_xlfn.XLOOKUP(C2,teams!$A$2:$A$5,teams!$C$2:$C$5) -> Service | H2: {=IF(E1:E13>24,1,0)} -> 1 | I2: =COUNTIFS($D:$D,D3,$G:$G,1) -> 0
A3: 2 | B3: Jan | C3: T2 | D3: Chat | E3: 28 | F3: 3 | G3: =_xlfn.XLOOKUP(C3,teams!$A$2:$A$5,teams!$C$2:$C$5) -> Service | H3: 0 | I3: =COUNTIFS($D:$D,D4,$G:$G,1) -> 0
A4: 3 | B4: Jan | C4: T3 | D4: Phone | E4: 36 | F4: 2 | G4: =_xlfn.XLOOKUP(C4,teams!$A$2:$A$5,teams!$C$2:$C$5) -> Technical | H4: 1 | I4: =COUNTIFS($D:$D,D4,$G:$G,1) -> 0
A5: 4 | B5: Jan | C5: T4 | D5: Email | E5: 20 | F5: 4 | G5: =_xlfn.XLOOKUP(C5,teams!$A$2:$A$5,teams!$C$2:$C$5) -> Technical | H5: 1 | I5: =COUNTIFS($D:$D,D5,$G:$G,1) -> 0
A6: 5 | B6: Feb | C6: T1 | D6: Chat | E6: 8 | F6: 5 | G6: =_xlfn.XLOOKUP(C6,teams!$A$2:$A$5,teams!$C$2:$C$5) -> Service | H6: 0 | I6: =COUNTIFS($D:$D,D6,$G:$G,1) -> 0
A7: 6 | B7: Feb | C7: T2 | D7: Phone | E7: 30 | F7: 3 | G7: =_xlfn.XLOOKUP(C7,teams!$A$2:$A$5,teams!$C$2:$C$5) -> Service | H7: 0 | I7: =COUNTIFS($D:$D,D7,$G:$G,1) -> 0
A8: 7 | B8: Feb | C8: T3 | D8: Email | E8: 18 | F8: 4 | G8: =_xlfn.XLOOKUP(C8,teams!$A$2:$A$5,teams!$C$2:$C$5) -> Technical | H8: 1 | I8: =COUNTIFS($D:$D,D8,$G:$G,1) -> 0
A9: 8 | B9: Feb | C9: T4 | D9: Chat | E9: 40 | F9: 2 | G9: =_xlfn.XLOOKUP(C9,teams!$A$2:$A$5,teams!$C$2:$C$5) -> Technical | H9: 0 | I9: =COUNTIFS($D:$D,D9,$G:$G,1) -> 0
A10: 9 | B10: Mar | C10: T1 | D10: Phone | E10: 16 | F10: 4 | G10: =_xlfn.XLOOKUP(C10,teams!$A$2:$A$5,teams!$C$2:$C$5) -> Service | H10: 1 | I10: =COUNTIFS($D:$D,D10,$G:$G,1) -> 0
A11: 10 | B11: Mar | C11: T2 | D11: Email | E11: 22 | F11: 4 | G11: =_xlfn.XLOOKUP(C11,teams!$A$2:$A$5,teams!$C$2:$C$5) -> Service | H11: 0 | I11: =COUNTIFS($D:$D,D11,$G:$G,1) -> 0
A12: 11 | B12: Mar | C12: T3 | D12: Chat | E12: 32 | F12: 3 | G12: =_xlfn.XLOOKUP(C12,teams!$A$2:$A$5,teams!$C$2:$C$5) -> Technical | H12: 0 | I12: =COUNTIFS($D:$D,D12,$G:$G,1) -> 0
A13: 12 | B13: Mar | C13: T4 | D13: Phone | E13: 24 | F13: 5 | G13: =_xlfn.XLOOKUP(C13,teams!$A$2:$A$5,teams!$C$2:$C$5) -> Technical | H13: 1 | I13: =COUNTIFS($D:$D,D13,$G:$G,1) -> 0
H14: 0

Sheet teams
A1: team_id | B1: team | C1: department
A2: T1 | B2: AccountCare | C2: Service
A3: T2 | B3: BillingHelp | C3: Service
A4: T3 | B4: AppSupport | C4: Technical
A5: T4 | B5: DeviceHelp | C5: Technical
